dateTime,junction,vehicles
2015-11-01,Paud Road,13
2015-11-02,Paud Road,12
2015-11-03,Paud Road,18
2015-11-04,Paud Road,18
2015-11-05,Paud Road,20
2015-11-06,Paud Road,18
2015-11-07,Paud Road,16
2015-11-08,Paud Road,16
2015-11-09,Paud Road,15
2015-11-10,Paud Road,19
2015-11-11,Paud Road,25
2015-11-12,Paud Road,17
2015-11-13,Paud Road,21
2015-11-14,Paud Road,20
2015-11-15,Paud Road,13
2015-11-16,Paud Road,14
2015-11-17,Paud Road,21
2015-11-18,Paud Road,23
2015-11-19,Paud Road,23
2015-11-20,Paud Road,20
2015-11-21,Paud Road,16
2015-11-22,Paud Road,15
2015-11-23,Paud Road,14
2015-11-24,Paud Road,19
2015-11-25,Paud Road,16
2015-11-26,Paud Road,16
2015-11-27,Paud Road,19
2015-11-28,Paud Road,13
2015-11-29,Paud Road,17
2015-11-30,Paud Road,13
2015-12-01,Paud Road,20
2015-12-02,Paud Road,19
2015-12-03,Paud Road,22
2015-12-04,Paud Road,19
2015-12-05,Paud Road,19
2015-12-06,Paud Road,14
2015-12-07,Paud Road,15
2015-12-08,Paud Road,20
2015-12-09,Paud Road,20
2015-12-10,Paud Road,14
2015-12-11,Paud Road,19
2015-12-12,Paud Road,16
2015-12-13,Paud Road,15
2015-12-14,Paud Road,16
2015-12-15,Paud Road,17
2015-12-16,Paud Road,22
2015-12-17,Paud Road,20
2015-12-18,Paud Road,20
2015-12-19,Paud Road,25
2015-12-20,Paud Road,14
2015-12-21,Paud Road,16
2015-12-22,Paud Road,20
2015-12-23,Paud Road,18
2015-12-24,Paud Road,15
2015-12-25,Paud Road,13
2015-12-26,Paud Road,15
2015-12-27,Paud Road,15
2015-12-28,Paud Road,13
2015-12-29,Paud Road,19
2015-12-30,Paud Road,17
2015-12-31,Paud Road,18
2016-01-01,Paud Road,13
2016-01-02,Paud Road,15
2016-01-03,Paud Road,13
2016-01-04,Paud Road,19
2016-01-05,Paud Road,21
2016-01-06,Paud Road,25
2016-01-07,Paud Road,22
2016-01-08,Paud Road,25
2016-01-09,Paud Road,19
2016-01-10,Paud Road,18
2016-01-11,Paud Road,16
2016-01-12,Paud Road,22
2016-01-13,Paud Road,21
2016-01-14,Paud Road,18
2016-01-15,Paud Road,20
2016-01-16,Paud Road,20
2016-01-17,Paud Road,23
2016-01-18,Paud Road,21
2016-01-19,Paud Road,32
2016-01-20,Paud Road,26
2016-01-21,Paud Road,24
2016-01-22,Paud Road,25
2016-01-23,Paud Road,31
2016-01-24,Paud Road,20
2016-01-25,Paud Road,19
2016-01-26,Paud Road,27
2016-01-27,Paud Road,27
2016-01-28,Paud Road,26
2016-01-29,Paud Road,29
2016-01-30,Paud Road,25
2016-01-31,Paud Road,21
2016-02-01,Paud Road,19
2016-02-02,Paud Road,31
2016-02-03,Paud Road,28
2016-02-04,Paud Road,29
2016-02-05,Paud Road,34
2016-02-06,Paud Road,27
2016-02-07,Paud Road,26
2016-02-08,Paud Road,26
2016-02-09,Paud Road,45
2016-02-10,Paud Road,35
2016-02-11,Paud Road,34
2016-02-12,Paud Road,36
2016-02-13,Paud Road,26
2016-02-14,Paud Road,20
2016-02-15,Paud Road,22
2016-02-16,Paud Road,28
2016-02-17,Paud Road,28
2016-02-18,Paud Road,35
2016-02-19,Paud Road,30
2016-02-20,Paud Road,29
2016-02-21,Paud Road,24
2016-02-22,Paud Road,21
2016-02-23,Paud Road,31
2016-02-24,Paud Road,33
2016-02-25,Paud Road,34
2016-02-26,Paud Road,38
2016-02-27,Paud Road,28
2016-02-28,Paud Road,25
2016-02-29,Paud Road,26
2016-03-01,Paud Road,39
2016-03-02,Paud Road,36
2016-03-03,Paud Road,32
2016-03-04,Paud Road,33
2016-03-05,Paud Road,28
2016-03-06,Paud Road,24
2016-03-07,Paud Road,22
2016-03-08,Paud Road,28
2016-03-09,Paud Road,30
2016-03-10,Paud Road,28
2016-03-11,Paud Road,27
2016-03-12,Paud Road,24
2016-03-13,Paud Road,22
2016-03-14,Paud Road,24
2016-03-15,Paud Road,30
2016-03-16,Paud Road,24
2016-03-17,Paud Road,28
2016-03-18,Paud Road,27
2016-03-19,Paud Road,25
2016-03-20,Paud Road,21
2016-03-21,Paud Road,22
2016-03-22,Paud Road,30
2016-03-23,Paud Road,29
2016-03-24,Paud Road,25
2016-03-25,Paud Road,28
2016-03-26,Paud Road,24
2016-03-27,Paud Road,19
2016-03-28,Paud Road,22
2016-03-29,Paud Road,31
2016-03-30,Paud Road,33
2016-03-31,Paud Road,30
2016-04-01,Paud Road,30
2016-04-02,Paud Road,24
2016-04-03,Paud Road,21
2016-04-04,Paud Road,24
2016-04-05,Paud Road,29
2016-04-06,Paud Road,32
2016-04-07,Paud Road,25
2016-04-08,Paud Road,29
2016-04-09,Paud Road,24
2016-04-10,Paud Road,19
2016-04-11,Paud Road,21
2016-04-12,Paud Road,32
2016-04-13,Paud Road,33
2016-04-14,Paud Road,27
2016-04-15,Paud Road,29
2016-04-16,Paud Road,24
2016-04-17,Paud Road,25
2016-04-18,Paud Road,24
2016-04-19,Paud Road,34
2016-04-20,Paud Road,32
2016-04-21,Paud Road,29
2016-04-22,Paud Road,25
2016-04-23,Paud Road,28
2016-04-24,Paud Road,25
2016-04-25,Paud Road,24
2016-04-26,Paud Road,34
2016-04-27,Paud Road,29
2016-04-28,Paud Road,27
2016-04-29,Paud Road,29
2016-04-30,Paud Road,28
2016-05-01,Paud Road,23
2016-05-02,Paud Road,22
2016-05-03,Paud Road,31
2016-05-04,Paud Road,29
2016-05-05,Paud Road,30
2016-05-06,Paud Road,35
2016-05-07,Paud Road,31
2016-05-08,Paud Road,22
2016-05-09,Paud Road,29
2016-05-10,Paud Road,34
2016-05-11,Paud Road,36
2016-05-12,Paud Road,32
2016-05-13,Paud Road,31
2016-05-14,Paud Road,32
2016-05-15,Paud Road,22
2016-05-16,Paud Road,23
2016-05-17,Paud Road,38
2016-05-18,Paud Road,33
2016-05-19,Paud Road,31
2016-05-20,Paud Road,36
2016-05-21,Paud Road,27
2016-05-22,Paud Road,26
2016-05-23,Paud Road,25
2016-05-24,Paud Road,36
2016-05-25,Paud Road,35
2016-05-26,Paud Road,28
2016-05-27,Paud Road,35
2016-05-28,Paud Road,28
2016-05-29,Paud Road,19
2016-05-30,Paud Road,22
2016-05-31,Paud Road,27
2016-06-01,Paud Road,31
2016-06-02,Paud Road,28
2016-06-03,Paud Road,32
2016-06-04,Paud Road,27
2016-06-05,Paud Road,22
2016-06-06,Paud Road,28
2016-06-07,Paud Road,30
2016-06-08,Paud Road,34
2016-06-09,Paud Road,33
2016-06-10,Paud Road,35
2016-06-11,Paud Road,32
2016-06-12,Paud Road,17
2016-06-13,Paud Road,23
2016-06-14,Paud Road,34
2016-06-15,Paud Road,33
2016-06-16,Paud Road,30
2016-06-17,Paud Road,32
2016-06-18,Paud Road,33
2016-06-19,Paud Road,26
2016-06-20,Paud Road,25
2016-06-21,Paud Road,36
2016-06-22,Paud Road,38
2016-06-23,Paud Road,35
2016-06-24,Paud Road,29
2016-06-25,Paud Road,31
2016-06-26,Paud Road,24
2016-06-27,Paud Road,22
2016-06-28,Paud Road,33
2016-06-29,Paud Road,34
2016-06-30,Paud Road,38
2016-07-01,Paud Road,34
2016-07-02,Paud Road,26
2016-07-03,Paud Road,23
2016-07-04,Paud Road,19
2016-07-05,Paud Road,28
2016-07-06,Paud Road,35
2016-07-07,Paud Road,33
2016-07-08,Paud Road,32
2016-07-09,Paud Road,31
2016-07-10,Paud Road,26
2016-07-11,Paud Road,24
2016-07-12,Paud Road,40
2016-07-13,Paud Road,36
2016-07-14,Paud Road,36
2016-07-15,Paud Road,41
2016-07-16,Paud Road,33
2016-07-17,Paud Road,23
2016-07-18,Paud Road,26
2016-07-19,Paud Road,35
2016-07-20,Paud Road,44
2016-07-21,Paud Road,40
2016-07-22,Paud Road,39
2016-07-23,Paud Road,36
2016-07-24,Paud Road,27
2016-07-25,Paud Road,28
2016-07-26,Paud Road,39
2016-07-27,Paud Road,40
2016-07-28,Paud Road,42
2016-07-29,Paud Road,41
2016-07-30,Paud Road,37
2016-07-31,Paud Road,27
2016-08-01,Paud Road,27
2016-08-02,Paud Road,37
2016-08-03,Paud Road,41
2016-08-04,Paud Road,43
2016-08-05,Paud Road,38
2016-08-06,Paud Road,34
2016-08-07,Paud Road,22
2016-08-08,Paud Road,28
2016-08-09,Paud Road,40
2016-08-10,Paud Road,37
2016-08-11,Paud Road,34
2016-08-12,Paud Road,35
2016-08-13,Paud Road,34
2016-08-14,Paud Road,23
2016-08-15,Paud Road,31
2016-08-16,Paud Road,37
2016-08-17,Paud Road,42
2016-08-18,Paud Road,45
2016-08-19,Paud Road,39
2016-08-20,Paud Road,29
2016-08-21,Paud Road,28
2016-08-22,Paud Road,25
2016-08-23,Paud Road,43
2016-08-24,Paud Road,42
2016-08-25,Paud Road,16
2016-08-26,Paud Road,38
2016-08-27,Paud Road,36
2016-08-28,Paud Road,26
2016-08-29,Paud Road,31
2016-08-30,Paud Road,43
2016-08-31,Paud Road,41
2016-09-01,Paud Road,43
2016-09-02,Paud Road,42
2016-09-03,Paud Road,34
2016-09-04,Paud Road,25
2016-09-05,Paud Road,31
2016-09-06,Paud Road,31
2016-09-07,Paud Road,46
2016-09-08,Paud Road,41
2016-09-09,Paud Road,40
2016-09-10,Paud Road,36
2016-09-11,Paud Road,29
2016-09-12,Paud Road,34
2016-09-13,Paud Road,42
2016-09-14,Paud Road,45
2016-09-15,Paud Road,40
2016-09-16,Paud Road,40
2016-09-17,Paud Road,48
2016-09-18,Paud Road,36
2016-09-19,Paud Road,37
2016-09-20,Paud Road,48
2016-09-21,Paud Road,45
2016-09-22,Paud Road,53
2016-09-23,Paud Road,50
2016-09-24,Paud Road,51
2016-09-25,Paud Road,33
2016-09-26,Paud Road,43
2016-09-27,Paud Road,51
2016-09-28,Paud Road,48
2016-09-29,Paud Road,51
2016-09-30,Paud Road,49
2016-10-01,Paud Road,49
2016-10-02,Paud Road,37
2016-10-03,Paud Road,37
2016-10-04,Paud Road,54
2016-10-05,Paud Road,54
2016-10-06,Paud Road,46
2016-10-07,Paud Road,48
2016-10-08,Paud Road,41
2016-10-09,Paud Road,32
2016-10-10,Paud Road,37
2016-10-11,Paud Road,44
2016-10-12,Paud Road,52
2016-10-13,Paud Road,50
2016-10-14,Paud Road,50
2016-10-15,Paud Road,40
2016-10-16,Paud Road,37
2016-10-17,Paud Road,39
2016-10-18,Paud Road,51
2016-10-19,Paud Road,55
2016-10-20,Paud Road,60
2016-10-21,Paud Road,54
2016-10-22,Paud Road,45
2016-10-23,Paud Road,39
2016-10-24,Paud Road,41
2016-10-25,Paud Road,55
2016-10-26,Paud Road,51
2016-10-27,Paud Road,55
2016-10-28,Paud Road,50
2016-10-29,Paud Road,49
2016-10-30,Paud Road,38
2016-10-31,Paud Road,36
2016-11-01,Paud Road,52
2016-11-02,Paud Road,54
2016-11-03,Paud Road,47
2016-11-04,Paud Road,51
2016-11-05,Paud Road,48
2016-11-06,Paud Road,38
2016-11-07,Paud Road,46
2016-11-08,Paud Road,56
2016-11-09,Paud Road,50
2016-11-10,Paud Road,48
2016-11-11,Paud Road,49
2016-11-12,Paud Road,42
2016-11-13,Paud Road,38
2016-11-14,Paud Road,44
2016-11-15,Paud Road,56
2016-11-16,Paud Road,52
2016-11-17,Paud Road,53
2016-11-18,Paud Road,54
2016-11-19,Paud Road,46
2016-11-20,Paud Road,37
2016-11-21,Paud Road,44
2016-11-22,Paud Road,53
2016-11-23,Paud Road,53
2016-11-24,Paud Road,47
2016-11-25,Paud Road,43
2016-11-26,Paud Road,37
2016-11-27,Paud Road,39
2016-11-28,Paud Road,43
2016-11-29,Paud Road,60
2016-11-30,Paud Road,62
2016-12-01,Paud Road,56
2016-12-02,Paud Road,58
2016-12-03,Paud Road,60
2016-12-04,Paud Road,45
2016-12-05,Paud Road,51
2016-12-06,Paud Road,55
2016-12-07,Paud Road,56
2016-12-08,Paud Road,60
2016-12-09,Paud Road,58
2016-12-10,Paud Road,53
2016-12-11,Paud Road,41
2016-12-12,Paud Road,41
2016-12-13,Paud Road,56
2016-12-14,Paud Road,54
2016-12-15,Paud Road,56
2016-12-16,Paud Road,45
2016-12-17,Paud Road,48
2016-12-18,Paud Road,32
2016-12-19,Paud Road,38
2016-12-20,Paud Road,39
2016-12-21,Paud Road,52
2016-12-22,Paud Road,51
2016-12-23,Paud Road,40
2016-12-24,Paud Road,36
2016-12-25,Paud Road,26
2016-12-26,Paud Road,24
2016-12-27,Paud Road,33
2016-12-28,Paud Road,39
2016-12-29,Paud Road,39
2016-12-30,Paud Road,43
2016-12-31,Paud Road,35
2017-01-01,Paud Road,23
2017-01-02,Paud Road,29
2017-01-03,Paud Road,38
2017-01-04,Paud Road,51
2017-01-05,Paud Road,50
2017-01-06,Paud Road,51
2017-01-07,Paud Road,49
2017-01-08,Paud Road,33
2017-01-09,Paud Road,55
2017-01-10,Paud Road,61
2017-01-11,Paud Road,54
2017-01-12,Paud Road,54
2017-01-13,Paud Road,57
2017-01-14,Paud Road,45
2017-01-15,Paud Road,37
2017-01-16,Paud Road,39
2017-01-17,Paud Road,58
2017-01-18,Paud Road,58
2017-01-19,Paud Road,57
2017-01-20,Paud Road,62
2017-01-21,Paud Road,48
2017-01-22,Paud Road,44
2017-01-23,Paud Road,50
2017-01-24,Paud Road,60
2017-01-25,Paud Road,56
2017-01-26,Paud Road,61
2017-01-27,Paud Road,57
2017-01-28,Paud Road,57
2017-01-29,Paud Road,45
2017-01-30,Paud Road,49
2017-01-31,Paud Road,67
2017-02-01,Paud Road,60
2017-02-02,Paud Road,64
2017-02-03,Paud Road,61
2017-02-04,Paud Road,55
2017-02-05,Paud Road,41
2017-02-06,Paud Road,43
2017-02-07,Paud Road,64
2017-02-08,Paud Road,58
2017-02-09,Paud Road,57
2017-02-10,Paud Road,63
2017-02-11,Paud Road,56
2017-02-12,Paud Road,37
2017-02-13,Paud Road,47
2017-02-14,Paud Road,59
2017-02-15,Paud Road,56
2017-02-16,Paud Road,55
2017-02-17,Paud Road,56
2017-02-18,Paud Road,54
2017-02-19,Paud Road,44
2017-02-20,Paud Road,42
2017-02-21,Paud Road,60
2017-02-22,Paud Road,62
2017-02-23,Paud Road,57
2017-02-24,Paud Road,64
2017-02-25,Paud Road,54
2017-02-26,Paud Road,42
2017-02-27,Paud Road,45
2017-02-28,Paud Road,60
2017-03-01,Paud Road,57
2017-03-02,Paud Road,54
2017-03-03,Paud Road,56
2017-03-04,Paud Road,54
2017-03-05,Paud Road,44
2017-03-06,Paud Road,45
2017-03-07,Paud Road,55
2017-03-08,Paud Road,61
2017-03-09,Paud Road,59
2017-03-10,Paud Road,60
2017-03-11,Paud Road,52
2017-03-12,Paud Road,40
2017-03-13,Paud Road,44
2017-03-14,Paud Road,56
2017-03-15,Paud Road,59
2017-03-16,Paud Road,61
2017-03-17,Paud Road,56
2017-03-18,Paud Road,51
2017-03-19,Paud Road,41
2017-03-20,Paud Road,49
2017-03-21,Paud Road,64
2017-03-22,Paud Road,64
2017-03-23,Paud Road,68
2017-03-24,Paud Road,62
2017-03-25,Paud Road,56
2017-03-26,Paud Road,45
2017-03-27,Paud Road,44
2017-03-28,Paud Road,66
2017-03-29,Paud Road,61
2017-03-30,Paud Road,68
2017-03-31,Paud Road,58
2017-04-01,Paud Road,53
2017-04-02,Paud Road,48
2017-04-03,Paud Road,53
2017-04-04,Paud Road,62
2017-04-05,Paud Road,66
2017-04-06,Paud Road,62
2017-04-07,Paud Road,63
2017-04-08,Paud Road,51
2017-04-09,Paud Road,47
2017-04-10,Paud Road,54
2017-04-11,Paud Road,61
2017-04-12,Paud Road,66
2017-04-13,Paud Road,63
2017-04-14,Paud Road,56
2017-04-15,Paud Road,48
2017-04-16,Paud Road,43
2017-04-17,Paud Road,43
2017-04-18,Paud Road,61
2017-04-19,Paud Road,59
2017-04-20,Paud Road,63
2017-04-21,Paud Road,59
2017-04-22,Paud Road,55
2017-04-23,Paud Road,46
2017-04-24,Paud Road,50
2017-04-25,Paud Road,63
2017-04-26,Paud Road,61
2017-04-27,Paud Road,65
2017-04-28,Paud Road,60
2017-04-29,Paud Road,52
2017-04-30,Paud Road,42
2017-05-01,Paud Road,49
2017-05-02,Paud Road,59
2017-05-03,Paud Road,68
2017-05-04,Paud Road,62
2017-05-05,Paud Road,61
2017-05-06,Paud Road,53
2017-05-07,Paud Road,43
2017-05-08,Paud Road,43
2017-05-09,Paud Road,64
2017-05-10,Paud Road,64
2017-05-11,Paud Road,65
2017-05-12,Paud Road,76
2017-05-13,Paud Road,59
2017-05-14,Paud Road,42
2017-05-15,Paud Road,44
2017-05-16,Paud Road,64
2017-05-17,Paud Road,60
2017-05-18,Paud Road,61
2017-05-19,Paud Road,66
2017-05-20,Paud Road,56
2017-05-21,Paud Road,40
2017-05-22,Paud Road,47
2017-05-23,Paud Road,74
2017-05-24,Paud Road,71
2017-05-25,Paud Road,65
2017-05-26,Paud Road,70
2017-05-27,Paud Road,62
2017-05-28,Paud Road,45
2017-05-29,Paud Road,48
2017-05-30,Paud Road,58
2017-05-31,Paud Road,66
2017-06-01,Paud Road,71
2017-06-02,Paud Road,69
2017-06-03,Paud Road,62
2017-06-04,Paud Road,39
2017-06-05,Paud Road,46
2017-06-06,Paud Road,71
2017-06-07,Paud Road,81
2017-06-08,Paud Road,65
2017-06-09,Paud Road,73
2017-06-10,Paud Road,60
2017-06-11,Paud Road,44
2017-06-12,Paud Road,46
2017-06-13,Paud Road,75
2017-06-14,Paud Road,73
2017-06-15,Paud Road,69
2017-06-16,Paud Road,62
2017-06-17,Paud Road,55
2017-06-18,Paud Road,41
2017-06-19,Paud Road,42
2017-06-20,Paud Road,73
2017-06-21,Paud Road,71
2017-06-22,Paud Road,66
2017-06-23,Paud Road,69
2017-06-24,Paud Road,54
2017-06-25,Paud Road,44
2017-06-26,Paud Road,51
2017-06-27,Paud Road,75
2017-06-28,Paud Road,70
2017-06-29,Paud Road,76
2015-11-01,Pune Station Road,6
2015-11-02,Pune Station Road,6
2015-11-03,Pune Station Road,8
2015-11-04,Pune Station Road,8
2015-11-05,Pune Station Road,7
2015-11-06,Pune Station Road,8
2015-11-07,Pune Station Road,10
2015-11-08,Pune Station Road,3
2015-11-09,Pune Station Road,4
2015-11-10,Pune Station Road,11
2015-11-11,Pune Station Road,6
2015-11-12,Pune Station Road,12
2015-11-13,Pune Station Road,8
2015-11-14,Pune Station Road,6
2015-11-15,Pune Station Road,5
2015-11-16,Pune Station Road,5
2015-11-17,Pune Station Road,8
2015-11-18,Pune Station Road,9
2015-11-19,Pune Station Road,6
2015-11-20,Pune Station Road,8
2015-11-21,Pune Station Road,7
2015-11-22,Pune Station Road,6
2015-11-23,Pune Station Road,7
2015-11-24,Pune Station Road,9
2015-11-25,Pune Station Road,6
2015-11-26,Pune Station Road,8
2015-11-27,Pune Station Road,6
2015-11-28,Pune Station Road,6
2015-11-29,Pune Station Road,10
2015-11-30,Pune Station Road,9
2015-12-01,Pune Station Road,7
2015-12-02,Pune Station Road,11
2015-12-03,Pune Station Road,9
2015-12-04,Pune Station Road,9
2015-12-05,Pune Station Road,6
2015-12-06,Pune Station Road,4
2015-12-07,Pune Station Road,8
2015-12-08,Pune Station Road,7
2015-12-09,Pune Station Road,8
2015-12-10,Pune Station Road,9
2015-12-11,Pune Station Road,7
2015-12-12,Pune Station Road,7
2015-12-13,Pune Station Road,7
2015-12-14,Pune Station Road,6
2015-12-15,Pune Station Road,10
2015-12-16,Pune Station Road,7
2015-12-17,Pune Station Road,8
2015-12-18,Pune Station Road,9
2015-12-19,Pune Station Road,10
2015-12-20,Pune Station Road,8
2015-12-21,Pune Station Road,5
2015-12-22,Pune Station Road,9
2015-12-23,Pune Station Road,6
2015-12-24,Pune Station Road,6
2015-12-25,Pune Station Road,4
2015-12-26,Pune Station Road,5
2015-12-27,Pune Station Road,7
2015-12-28,Pune Station Road,7
2015-12-29,Pune Station Road,5
2015-12-30,Pune Station Road,6
2015-12-31,Pune Station Road,6
2016-01-01,Pune Station Road,1
2016-01-02,Pune Station Road,2
2016-01-03,Pune Station Road,5
2016-01-04,Pune Station Road,7
2016-01-05,Pune Station Road,6
2016-01-06,Pune Station Road,7
2016-01-07,Pune Station Road,10
2016-01-08,Pune Station Road,7
2016-01-09,Pune Station Road,7
2016-01-10,Pune Station Road,7
2016-01-11,Pune Station Road,4
2016-01-12,Pune Station Road,6
2016-01-13,Pune Station Road,5
2016-01-14,Pune Station Road,8
2016-01-15,Pune Station Road,5
2016-01-16,Pune Station Road,6
2016-01-17,Pune Station Road,3
2016-01-18,Pune Station Road,8
2016-01-19,Pune Station Road,7
2016-01-20,Pune Station Road,12
2016-01-21,Pune Station Road,10
2016-01-22,Pune Station Road,10
2016-01-23,Pune Station Road,8
2016-01-24,Pune Station Road,5
2016-01-25,Pune Station Road,8
2016-01-26,Pune Station Road,8
2016-01-27,Pune Station Road,10
2016-01-28,Pune Station Road,11
2016-01-29,Pune Station Road,7
2016-01-30,Pune Station Road,9
2016-01-31,Pune Station Road,10
2016-02-01,Pune Station Road,10
2016-02-02,Pune Station Road,12
2016-02-03,Pune Station Road,10
2016-02-04,Pune Station Road,9
2016-02-05,Pune Station Road,9
2016-02-06,Pune Station Road,10
2016-02-07,Pune Station Road,8
2016-02-08,Pune Station Road,8
2016-02-09,Pune Station Road,10
2016-02-10,Pune Station Road,10
2016-02-11,Pune Station Road,12
2016-02-12,Pune Station Road,12
2016-02-13,Pune Station Road,10
2016-02-14,Pune Station Road,10
2016-02-15,Pune Station Road,10
2016-02-16,Pune Station Road,8
2016-02-17,Pune Station Road,11
2016-02-18,Pune Station Road,10
2016-02-19,Pune Station Road,8
2016-02-20,Pune Station Road,8
2016-02-21,Pune Station Road,10
2016-02-22,Pune Station Road,8
2016-02-23,Pune Station Road,12
2016-02-24,Pune Station Road,15
2016-02-25,Pune Station Road,10
2016-02-26,Pune Station Road,10
2016-02-27,Pune Station Road,8
2016-02-28,Pune Station Road,7
2016-02-29,Pune Station Road,8
2016-03-01,Pune Station Road,12
2016-03-02,Pune Station Road,15
2016-03-03,Pune Station Road,13
2016-03-04,Pune Station Road,9
2016-03-05,Pune Station Road,12
2016-03-06,Pune Station Road,6
2016-03-07,Pune Station Road,8
2016-03-08,Pune Station Road,14
2016-03-09,Pune Station Road,11
2016-03-10,Pune Station Road,14
2016-03-11,Pune Station Road,9
2016-03-12,Pune Station Road,12
2016-03-13,Pune Station Road,6
2016-03-14,Pune Station Road,9
2016-03-15,Pune Station Road,12
2016-03-16,Pune Station Road,9
2016-03-17,Pune Station Road,12
2016-03-18,Pune Station Road,10
2016-03-19,Pune Station Road,13
2016-03-20,Pune Station Road,6
2016-03-21,Pune Station Road,6
2016-03-22,Pune Station Road,12
2016-03-23,Pune Station Road,13
2016-03-24,Pune Station Road,8
2016-03-25,Pune Station Road,10
2016-03-26,Pune Station Road,10
2016-03-27,Pune Station Road,10
2016-03-28,Pune Station Road,5
2016-03-29,Pune Station Road,14
2016-03-30,Pune Station Road,12
2016-03-31,Pune Station Road,12
2016-04-01,Pune Station Road,9
2016-04-02,Pune Station Road,12
2016-04-03,Pune Station Road,7
2016-04-04,Pune Station Road,10
2016-04-05,Pune Station Road,15
2016-04-06,Pune Station Road,11
2016-04-07,Pune Station Road,11
2016-04-08,Pune Station Road,15
2016-04-09,Pune Station Road,8
2016-04-10,Pune Station Road,9
2016-04-11,Pune Station Road,9
2016-04-12,Pune Station Road,13
2016-04-13,Pune Station Road,14
2016-04-14,Pune Station Road,12
2016-04-15,Pune Station Road,14
2016-04-16,Pune Station Road,10
2016-04-17,Pune Station Road,9
2016-04-18,Pune Station Road,12
2016-04-19,Pune Station Road,14
2016-04-20,Pune Station Road,15
2016-04-21,Pune Station Road,15
2016-04-22,Pune Station Road,9
2016-04-23,Pune Station Road,12
2016-04-24,Pune Station Road,8
2016-04-25,Pune Station Road,9
2016-04-26,Pune Station Road,11
2016-04-27,Pune Station Road,13
2016-04-28,Pune Station Road,12
2016-04-29,Pune Station Road,12
2016-04-30,Pune Station Road,14
2016-05-01,Pune Station Road,10
2016-05-02,Pune Station Road,8
2016-05-03,Pune Station Road,14
2016-05-04,Pune Station Road,13
2016-05-05,Pune Station Road,12
2016-05-06,Pune Station Road,15
2016-05-07,Pune Station Road,11
2016-05-08,Pune Station Road,8
2016-05-09,Pune Station Road,7
2016-05-10,Pune Station Road,9
2016-05-11,Pune Station Road,12
2016-05-12,Pune Station Road,17
2016-05-13,Pune Station Road,12
2016-05-14,Pune Station Road,11
2016-05-15,Pune Station Road,9
2016-05-16,Pune Station Road,11
2016-05-17,Pune Station Road,12
2016-05-18,Pune Station Road,13
2016-05-19,Pune Station Road,13
2016-05-20,Pune Station Road,15
2016-05-21,Pune Station Road,10
2016-05-22,Pune Station Road,7
2016-05-23,Pune Station Road,8
2016-05-24,Pune Station Road,11
2016-05-25,Pune Station Road,12
2016-05-26,Pune Station Road,12
2016-05-27,Pune Station Road,11
2016-05-28,Pune Station Road,7
2016-05-29,Pune Station Road,6
2016-05-30,Pune Station Road,8
2016-05-31,Pune Station Road,12
2016-06-01,Pune Station Road,16
2016-06-02,Pune Station Road,14
2016-06-03,Pune Station Road,14
2016-06-04,Pune Station Road,9
2016-06-05,Pune Station Road,7
2016-06-06,Pune Station Road,5
2016-06-07,Pune Station Road,13
2016-06-08,Pune Station Road,16
2016-06-09,Pune Station Road,10
2016-06-10,Pune Station Road,14
2016-06-11,Pune Station Road,14
2016-06-12,Pune Station Road,7
2016-06-13,Pune Station Road,12
2016-06-14,Pune Station Road,12
2016-06-15,Pune Station Road,14
2016-06-16,Pune Station Road,11
2016-06-17,Pune Station Road,11
2016-06-18,Pune Station Road,13
2016-06-19,Pune Station Road,7
2016-06-20,Pune Station Road,8
2016-06-21,Pune Station Road,13
2016-06-22,Pune Station Road,10
2016-06-23,Pune Station Road,14
2016-06-24,Pune Station Road,11
2016-06-25,Pune Station Road,12
2016-06-26,Pune Station Road,8
2016-06-27,Pune Station Road,7
2016-06-28,Pune Station Road,14
2016-06-29,Pune Station Road,13
2016-06-30,Pune Station Road,16
2016-07-01,Pune Station Road,13
2016-07-02,Pune Station Road,10
2016-07-03,Pune Station Road,8
2016-07-04,Pune Station Road,6
2016-07-05,Pune Station Road,9
2016-07-06,Pune Station Road,11
2016-07-07,Pune Station Road,8
2016-07-08,Pune Station Road,12
2016-07-09,Pune Station Road,10
2016-07-10,Pune Station Road,11
2016-07-11,Pune Station Road,8
2016-07-12,Pune Station Road,15
2016-07-13,Pune Station Road,15
2016-07-14,Pune Station Road,14
2016-07-15,Pune Station Road,14
2016-07-16,Pune Station Road,13
2016-07-17,Pune Station Road,10
2016-07-18,Pune Station Road,11
2016-07-19,Pune Station Road,14
2016-07-20,Pune Station Road,14
2016-07-21,Pune Station Road,15
2016-07-22,Pune Station Road,13
2016-07-23,Pune Station Road,9
2016-07-24,Pune Station Road,10
2016-07-25,Pune Station Road,6
2016-07-26,Pune Station Road,11
2016-07-27,Pune Station Road,15
2016-07-28,Pune Station Road,13
2016-07-29,Pune Station Road,14
2016-07-30,Pune Station Road,10
2016-07-31,Pune Station Road,9
2016-08-01,Pune Station Road,8
2016-08-02,Pune Station Road,18
2016-08-03,Pune Station Road,14
2016-08-04,Pune Station Road,5
2016-08-05,Pune Station Road,4
2016-08-06,Pune Station Road,3
2016-08-07,Pune Station Road,7
2016-08-08,Pune Station Road,8
2016-08-09,Pune Station Road,12
2016-08-10,Pune Station Road,15
2016-08-11,Pune Station Road,11
2016-08-12,Pune Station Road,12
2016-08-13,Pune Station Road,12
2016-08-14,Pune Station Road,9
2016-08-15,Pune Station Road,9
2016-08-16,Pune Station Road,15
2016-08-17,Pune Station Road,15
2016-08-18,Pune Station Road,13
2016-08-19,Pune Station Road,13
2016-08-20,Pune Station Road,9
2016-08-21,Pune Station Road,9
2016-08-22,Pune Station Road,7
2016-08-23,Pune Station Road,14
2016-08-24,Pune Station Road,16
2016-08-25,Pune Station Road,15
2016-08-26,Pune Station Road,12
2016-08-27,Pune Station Road,11
2016-08-28,Pune Station Road,9
2016-08-29,Pune Station Road,9
2016-08-30,Pune Station Road,16
2016-08-31,Pune Station Road,12
2016-09-01,Pune Station Road,11
2016-09-02,Pune Station Road,15
2016-09-03,Pune Station Road,8
2016-09-04,Pune Station Road,6
2016-09-05,Pune Station Road,8
2016-09-06,Pune Station Road,11
2016-09-07,Pune Station Road,16
2016-09-08,Pune Station Road,12
2016-09-09,Pune Station Road,14
2016-09-10,Pune Station Road,11
2016-09-11,Pune Station Road,8
2016-09-12,Pune Station Road,12
2016-09-13,Pune Station Road,17
2016-09-14,Pune Station Road,10
2016-09-15,Pune Station Road,17
2016-09-16,Pune Station Road,15
2016-09-17,Pune Station Road,11
2016-09-18,Pune Station Road,6
2016-09-19,Pune Station Road,11
2016-09-20,Pune Station Road,13
2016-09-21,Pune Station Road,12
2016-09-22,Pune Station Road,16
2016-09-23,Pune Station Road,17
2016-09-24,Pune Station Road,11
2016-09-25,Pune Station Road,10
2016-09-26,Pune Station Road,12
2016-09-27,Pune Station Road,13
2016-09-28,Pune Station Road,14
2016-09-29,Pune Station Road,16
2016-09-30,Pune Station Road,14
2016-10-01,Pune Station Road,14
2016-10-02,Pune Station Road,12
2016-10-03,Pune Station Road,11
2016-10-04,Pune Station Road,17
2016-10-05,Pune Station Road,17
2016-10-06,Pune Station Road,20
2016-10-07,Pune Station Road,16
2016-10-08,Pune Station Road,10
2016-10-09,Pune Station Road,9
2016-10-10,Pune Station Road,12
2016-10-11,Pune Station Road,14
2016-10-12,Pune Station Road,17
2016-10-13,Pune Station Road,14
2016-10-14,Pune Station Road,18
2016-10-15,Pune Station Road,17
2016-10-16,Pune Station Road,13
2016-10-17,Pune Station Road,13
2016-10-18,Pune Station Road,18
2016-10-19,Pune Station Road,18
2016-10-20,Pune Station Road,15
2016-10-21,Pune Station Road,18
2016-10-22,Pune Station Road,15
2016-10-23,Pune Station Road,11
2016-10-24,Pune Station Road,10
2016-10-25,Pune Station Road,17
2016-10-26,Pune Station Road,17
2016-10-27,Pune Station Road,21
2016-10-28,Pune Station Road,17
2016-10-29,Pune Station Road,14
2016-10-30,Pune Station Road,10
2016-10-31,Pune Station Road,12
2016-11-01,Pune Station Road,16
2016-11-02,Pune Station Road,18
2016-11-03,Pune Station Road,18
2016-11-04,Pune Station Road,14
2016-11-05,Pune Station Road,10
2016-11-06,Pune Station Road,9
2016-11-07,Pune Station Road,14
2016-11-08,Pune Station Road,21
2016-11-09,Pune Station Road,15
2016-11-10,Pune Station Road,14
2016-11-11,Pune Station Road,16
2016-11-12,Pune Station Road,11
2016-11-13,Pune Station Road,9
2016-11-14,Pune Station Road,13
2016-11-15,Pune Station Road,22
2016-11-16,Pune Station Road,18
2016-11-17,Pune Station Road,16
2016-11-18,Pune Station Road,19
2016-11-19,Pune Station Road,15
2016-11-20,Pune Station Road,14
2016-11-21,Pune Station Road,11
2016-11-22,Pune Station Road,20
2016-11-23,Pune Station Road,18
2016-11-24,Pune Station Road,14
2016-11-25,Pune Station Road,11
2016-11-26,Pune Station Road,13
2016-11-27,Pune Station Road,13
2016-11-28,Pune Station Road,13
2016-11-29,Pune Station Road,20
2016-11-30,Pune Station Road,18
2016-12-01,Pune Station Road,19
2016-12-02,Pune Station Road,16
2016-12-03,Pune Station Road,11
2016-12-04,Pune Station Road,14
2016-12-05,Pune Station Road,14
2016-12-06,Pune Station Road,21
2016-12-07,Pune Station Road,22
2016-12-08,Pune Station Road,17
2016-12-09,Pune Station Road,14
2016-12-10,Pune Station Road,15
2016-12-11,Pune Station Road,13
2016-12-12,Pune Station Road,12
2016-12-13,Pune Station Road,16
2016-12-14,Pune Station Road,14
2016-12-15,Pune Station Road,15
2016-12-16,Pune Station Road,13
2016-12-17,Pune Station Road,14
2016-12-18,Pune Station Road,11
2016-12-19,Pune Station Road,9
2016-12-20,Pune Station Road,10
2016-12-21,Pune Station Road,15
2016-12-22,Pune Station Road,12
2016-12-23,Pune Station Road,10
2016-12-24,Pune Station Road,12
2016-12-25,Pune Station Road,8
2016-12-26,Pune Station Road,5
2016-12-27,Pune Station Road,11
2016-12-28,Pune Station Road,11
2016-12-29,Pune Station Road,11
2016-12-30,Pune Station Road,14
2016-12-31,Pune Station Road,8
2017-01-01,Pune Station Road,9
2017-01-02,Pune Station Road,9
2017-01-03,Pune Station Road,10
2017-01-04,Pune Station Road,11
2017-01-05,Pune Station Road,14
2017-01-06,Pune Station Road,17
2017-01-07,Pune Station Road,14
2017-01-08,Pune Station Road,12
2017-01-09,Pune Station Road,13
2017-01-10,Pune Station Road,15
2017-01-11,Pune Station Road,15
2017-01-12,Pune Station Road,16
2017-01-13,Pune Station Road,19
2017-01-14,Pune Station Road,15
2017-01-15,Pune Station Road,9
2017-01-16,Pune Station Road,12
2017-01-17,Pune Station Road,12
2017-01-18,Pune Station Road,19
2017-01-19,Pune Station Road,15
2017-01-20,Pune Station Road,19
2017-01-21,Pune Station Road,15
2017-01-22,Pune Station Road,12
2017-01-23,Pune Station Road,13
2017-01-24,Pune Station Road,17
2017-01-25,Pune Station Road,16
2017-01-26,Pune Station Road,18
2017-01-27,Pune Station Road,18
2017-01-28,Pune Station Road,12
2017-01-29,Pune Station Road,13
2017-01-30,Pune Station Road,12
2017-01-31,Pune Station Road,20
2017-02-01,Pune Station Road,21
2017-02-02,Pune Station Road,17
2017-02-03,Pune Station Road,22
2017-02-04,Pune Station Road,18
2017-02-05,Pune Station Road,11
2017-02-06,Pune Station Road,16
2017-02-07,Pune Station Road,17
2017-02-08,Pune Station Road,17
2017-02-09,Pune Station Road,22
2017-02-10,Pune Station Road,16
2017-02-11,Pune Station Road,20
2017-02-12,Pune Station Road,16
2017-02-13,Pune Station Road,15
2017-02-14,Pune Station Road,22
2017-02-15,Pune Station Road,21
2017-02-16,Pune Station Road,24
2017-02-17,Pune Station Road,23
2017-02-18,Pune Station Road,19
2017-02-19,Pune Station Road,16
2017-02-20,Pune Station Road,21
2017-02-21,Pune Station Road,22
2017-02-22,Pune Station Road,23
2017-02-23,Pune Station Road,26
2017-02-24,Pune Station Road,30
2017-02-25,Pune Station Road,25
2017-02-26,Pune Station Road,15
2017-02-27,Pune Station Road,19
2017-02-28,Pune Station Road,26
2017-03-01,Pune Station Road,27
2017-03-02,Pune Station Road,24
2017-03-03,Pune Station Road,25
2017-03-04,Pune Station Road,21
2017-03-05,Pune Station Road,18
2017-03-06,Pune Station Road,19
2017-03-07,Pune Station Road,29
2017-03-08,Pune Station Road,26
2017-03-09,Pune Station Road,22
2017-03-10,Pune Station Road,26
2017-03-11,Pune Station Road,20
2017-03-12,Pune Station Road,16
2017-03-13,Pune Station Road,18
2017-03-14,Pune Station Road,19
2017-03-15,Pune Station Road,24
2017-03-16,Pune Station Road,24
2017-03-17,Pune Station Road,28
2017-03-18,Pune Station Road,18
2017-03-19,Pune Station Road,15
2017-03-20,Pune Station Road,23
2017-03-21,Pune Station Road,25
2017-03-22,Pune Station Road,25
2017-03-23,Pune Station Road,29
2017-03-24,Pune Station Road,26
2017-03-25,Pune Station Road,21
2017-03-26,Pune Station Road,18
2017-03-27,Pune Station Road,18
2017-03-28,Pune Station Road,25
2017-03-29,Pune Station Road,25
2017-03-30,Pune Station Road,26
2017-03-31,Pune Station Road,24
2017-04-01,Pune Station Road,28
2017-04-02,Pune Station Road,17
2017-04-03,Pune Station Road,21
2017-04-04,Pune Station Road,28
2017-04-05,Pune Station Road,23
2017-04-06,Pune Station Road,27
2017-04-07,Pune Station Road,26
2017-04-08,Pune Station Road,24
2017-04-09,Pune Station Road,15
2017-04-10,Pune Station Road,17
2017-04-11,Pune Station Road,28
2017-04-12,Pune Station Road,21
2017-04-13,Pune Station Road,23
2017-04-14,Pune Station Road,24
2017-04-15,Pune Station Road,15
2017-04-16,Pune Station Road,16
2017-04-17,Pune Station Road,18
2017-04-18,Pune Station Road,27
2017-04-19,Pune Station Road,32
2017-04-20,Pune Station Road,27
2017-04-21,Pune Station Road,31
2017-04-22,Pune Station Road,25
2017-04-23,Pune Station Road,19
2017-04-24,Pune Station Road,19
2017-04-25,Pune Station Road,29
2017-04-26,Pune Station Road,23
2017-04-27,Pune Station Road,30
2017-04-28,Pune Station Road,26
2017-04-29,Pune Station Road,22
2017-04-30,Pune Station Road,20
2017-05-01,Pune Station Road,24
2017-05-02,Pune Station Road,28
2017-05-03,Pune Station Road,28
2017-05-04,Pune Station Road,28
2017-05-05,Pune Station Road,26
2017-05-06,Pune Station Road,25
2017-05-07,Pune Station Road,17
2017-05-08,Pune Station Road,20
2017-05-09,Pune Station Road,32
2017-05-10,Pune Station Road,27
2017-05-11,Pune Station Road,25
2017-05-12,Pune Station Road,25
2017-05-13,Pune Station Road,26
2017-05-14,Pune Station Road,18
2017-05-15,Pune Station Road,18
2017-05-16,Pune Station Road,26
2017-05-17,Pune Station Road,25
2017-05-18,Pune Station Road,26
2017-05-19,Pune Station Road,29
2017-05-20,Pune Station Road,23
2017-05-21,Pune Station Road,16
2017-05-22,Pune Station Road,23
2017-05-23,Pune Station Road,26
2017-05-24,Pune Station Road,29
2017-05-25,Pune Station Road,29
2017-05-26,Pune Station Road,27
2017-05-27,Pune Station Road,20
2017-05-28,Pune Station Road,17
2017-05-29,Pune Station Road,19
2017-05-30,Pune Station Road,23
2017-05-31,Pune Station Road,26
2017-06-01,Pune Station Road,27
2017-06-02,Pune Station Road,30
2017-06-03,Pune Station Road,25
2017-06-04,Pune Station Road,15
2017-06-05,Pune Station Road,22
2017-06-06,Pune Station Road,28
2017-06-07,Pune Station Road,26
2017-06-08,Pune Station Road,31
2017-06-09,Pune Station Road,25
2017-06-10,Pune Station Road,26
2017-06-11,Pune Station Road,16
2017-06-12,Pune Station Road,16
2017-06-13,Pune Station Road,28
2017-06-14,Pune Station Road,32
2017-06-15,Pune Station Road,29
2017-06-16,Pune Station Road,25
2017-06-17,Pune Station Road,23
2017-06-18,Pune Station Road,14
2017-06-19,Pune Station Road,18
2017-06-20,Pune Station Road,35
2017-06-21,Pune Station Road,31
2017-06-22,Pune Station Road,32
2017-06-23,Pune Station Road,28
2017-06-24,Pune Station Road,24
2017-06-25,Pune Station Road,16
2017-06-26,Pune Station Road,18
2017-06-27,Pune Station Road,31
2017-06-28,Pune Station Road,31
2017-06-29,Pune Station Road,24
2015-11-01,Swargate Bus Stand,1
2015-11-02,Swargate Bus Stand,2
2015-11-03,Swargate Bus Stand,3
2015-11-04,Swargate Bus Stand,4
2015-11-05,Swargate Bus Stand,5
2015-11-06,Swargate Bus Stand,6
2015-11-07,Swargate Bus Stand,7
2015-11-08,Swargate Bus Stand,8
2015-11-09,Swargate Bus Stand,9
2015-11-10,Swargate Bus Stand,10
2015-11-11,Swargate Bus Stand,11
2015-11-12,Swargate Bus Stand,12
2015-11-13,Swargate Bus Stand,13
2015-11-14,Swargate Bus Stand,14
2015-11-15,Swargate Bus Stand,15
2015-11-16,Swargate Bus Stand,16
2015-11-17,Swargate Bus Stand,17
2015-11-18,Swargate Bus Stand,18
2015-11-19,Swargate Bus Stand,19
2015-11-20,Swargate Bus Stand,20
2015-11-21,Swargate Bus Stand,21
2015-11-22,Swargate Bus Stand,22
2015-11-23,Swargate Bus Stand,23
2015-11-24,Swargate Bus Stand,24
2015-11-25,Swargate Bus Stand,25
2015-11-26,Swargate Bus Stand,26
2015-11-27,Swargate Bus Stand,27
2015-11-28,Swargate Bus Stand,28
2015-11-29,Swargate Bus Stand,29
2015-11-30,Swargate Bus Stand,30
2015-12-01,Swargate Bus Stand,31
2015-12-02,Swargate Bus Stand,32
2015-12-03,Swargate Bus Stand,33
2015-12-04,Swargate Bus Stand,34
2015-12-05,Swargate Bus Stand,35
2015-12-06,Swargate Bus Stand,36
2015-12-07,Swargate Bus Stand,37
2015-12-08,Swargate Bus Stand,38
2015-12-09,Swargate Bus Stand,39
2015-12-10,Swargate Bus Stand,40
2015-12-11,Swargate Bus Stand,41
2015-12-12,Swargate Bus Stand,42
2015-12-13,Swargate Bus Stand,43
2015-12-14,Swargate Bus Stand,44
2015-12-15,Swargate Bus Stand,45
2015-12-16,Swargate Bus Stand,46
2015-12-17,Swargate Bus Stand,47
2015-12-18,Swargate Bus Stand,48
2015-12-19,Swargate Bus Stand,49
2015-12-20,Swargate Bus Stand,50
2015-12-21,Swargate Bus Stand,51
2015-12-22,Swargate Bus Stand,52
2015-12-23,Swargate Bus Stand,53
2015-12-24,Swargate Bus Stand,54
2015-12-25,Swargate Bus Stand,55
2015-12-26,Swargate Bus Stand,56
2015-12-27,Swargate Bus Stand,57
2015-12-28,Swargate Bus Stand,58
2015-12-29,Swargate Bus Stand,59
2015-12-30,Swargate Bus Stand,60
2015-12-31,Swargate Bus Stand,61
2016-01-01,Swargate Bus Stand,62
2016-01-02,Swargate Bus Stand,63
2016-01-03,Swargate Bus Stand,64
2016-01-04,Swargate Bus Stand,65
2016-01-05,Swargate Bus Stand,66
2016-01-06,Swargate Bus Stand,67
2016-01-07,Swargate Bus Stand,68
2016-01-08,Swargate Bus Stand,69
2016-01-09,Swargate Bus Stand,70
2016-01-10,Swargate Bus Stand,71
2016-01-11,Swargate Bus Stand,72
2016-01-12,Swargate Bus Stand,73
2016-01-13,Swargate Bus Stand,74
2016-01-14,Swargate Bus Stand,75
2016-01-15,Swargate Bus Stand,76
2016-01-16,Swargate Bus Stand,77
2016-01-17,Swargate Bus Stand,78
2016-01-18,Swargate Bus Stand,79
2016-01-19,Swargate Bus Stand,80
2016-01-20,Swargate Bus Stand,81
2016-01-21,Swargate Bus Stand,82
2016-01-22,Swargate Bus Stand,83
2016-01-23,Swargate Bus Stand,84
2016-01-24,Swargate Bus Stand,85
2016-01-25,Swargate Bus Stand,86
2016-01-26,Swargate Bus Stand,87
2016-01-27,Swargate Bus Stand,88
2016-01-28,Swargate Bus Stand,89
2016-01-29,Swargate Bus Stand,90
2016-01-30,Swargate Bus Stand,91
2016-01-31,Swargate Bus Stand,92
2016-02-01,Swargate Bus Stand,93
2016-02-02,Swargate Bus Stand,94
2016-02-03,Swargate Bus Stand,95
2016-02-04,Swargate Bus Stand,96
2016-02-05,Swargate Bus Stand,97
2016-02-06,Swargate Bus Stand,98
2016-02-07,Swargate Bus Stand,99
2016-02-08,Swargate Bus Stand,100
2016-02-09,Swargate Bus Stand,101
2016-02-10,Swargate Bus Stand,102
2016-02-11,Swargate Bus Stand,103
2016-02-12,Swargate Bus Stand,104
2016-02-13,Swargate Bus Stand,105
2016-02-14,Swargate Bus Stand,106
2016-02-15,Swargate Bus Stand,107
2016-02-16,Swargate Bus Stand,108
2016-02-17,Swargate Bus Stand,109
2016-02-18,Swargate Bus Stand,110
2016-02-19,Swargate Bus Stand,111
2016-02-20,Swargate Bus Stand,112
2016-02-21,Swargate Bus Stand,113
2016-02-22,Swargate Bus Stand,114
2016-02-23,Swargate Bus Stand,115
2016-02-24,Swargate Bus Stand,116
2016-02-25,Swargate Bus Stand,117
2016-02-26,Swargate Bus Stand,118
2016-02-27,Swargate Bus Stand,119
2016-02-28,Swargate Bus Stand,120
2016-02-29,Swargate Bus Stand,121
2016-03-01,Swargate Bus Stand,122
2016-03-02,Swargate Bus Stand,123
2016-03-03,Swargate Bus Stand,124
2016-03-04,Swargate Bus Stand,125
2016-03-05,Swargate Bus Stand,126
2016-03-06,Swargate Bus Stand,127
2016-03-07,Swargate Bus Stand,128
2016-03-08,Swargate Bus Stand,129
2016-03-09,Swargate Bus Stand,130
2016-03-10,Swargate Bus Stand,131
2016-03-11,Swargate Bus Stand,132
2016-03-12,Swargate Bus Stand,133
2016-03-13,Swargate Bus Stand,134
2016-03-14,Swargate Bus Stand,135
2016-03-15,Swargate Bus Stand,136
2016-03-16,Swargate Bus Stand,137
2016-03-17,Swargate Bus Stand,138
2016-03-18,Swargate Bus Stand,139
2016-03-19,Swargate Bus Stand,140
2016-03-20,Swargate Bus Stand,141
2016-03-21,Swargate Bus Stand,142
2016-03-22,Swargate Bus Stand,143
2016-03-23,Swargate Bus Stand,144
2016-03-24,Swargate Bus Stand,145
2016-03-25,Swargate Bus Stand,146
2016-03-26,Swargate Bus Stand,147
2016-03-27,Swargate Bus Stand,148
2016-03-28,Swargate Bus Stand,149
2016-03-29,Swargate Bus Stand,150
2016-03-30,Swargate Bus Stand,151
2016-03-31,Swargate Bus Stand,152
2016-04-01,Swargate Bus Stand,153
2016-04-02,Swargate Bus Stand,154
2016-04-03,Swargate Bus Stand,155
2016-04-04,Swargate Bus Stand,156
2016-04-05,Swargate Bus Stand,157
2016-04-06,Swargate Bus Stand,158
2016-04-07,Swargate Bus Stand,159
2016-04-08,Swargate Bus Stand,160
2016-04-09,Swargate Bus Stand,161
2016-04-10,Swargate Bus Stand,162
2016-04-11,Swargate Bus Stand,163
2016-04-12,Swargate Bus Stand,164
2016-04-13,Swargate Bus Stand,165
2016-04-14,Swargate Bus Stand,166
2016-04-15,Swargate Bus Stand,167
2016-04-16,Swargate Bus Stand,168
2016-04-17,Swargate Bus Stand,169
2016-04-18,Swargate Bus Stand,170
2016-04-19,Swargate Bus Stand,171
2016-04-20,Swargate Bus Stand,172
2016-04-21,Swargate Bus Stand,173
2016-04-22,Swargate Bus Stand,174
2016-04-23,Swargate Bus Stand,175
2016-04-24,Swargate Bus Stand,176
2016-04-25,Swargate Bus Stand,177
2016-04-26,Swargate Bus Stand,178
2016-04-27,Swargate Bus Stand,179
2016-04-28,Swargate Bus Stand,180
2016-04-29,Swargate Bus Stand,181
2016-04-30,Swargate Bus Stand,182
2016-05-01,Swargate Bus Stand,183
2016-05-02,Swargate Bus Stand,184
2016-05-03,Swargate Bus Stand,185
2016-05-04,Swargate Bus Stand,186
2016-05-05,Swargate Bus Stand,187
2016-05-06,Swargate Bus Stand,188
2016-05-07,Swargate Bus Stand,189
2016-05-08,Swargate Bus Stand,190
2016-05-09,Swargate Bus Stand,191
2016-05-10,Swargate Bus Stand,192
2016-05-11,Swargate Bus Stand,193
2016-05-12,Swargate Bus Stand,194
2016-05-13,Swargate Bus Stand,195
2016-05-14,Swargate Bus Stand,196
2016-05-15,Swargate Bus Stand,197
2016-05-16,Swargate Bus Stand,198
2016-05-17,Swargate Bus Stand,199
2016-05-18,Swargate Bus Stand,200
2016-05-19,Swargate Bus Stand,201
2016-05-20,Swargate Bus Stand,202
2016-05-21,Swargate Bus Stand,203
2016-05-22,Swargate Bus Stand,204
2016-05-23,Swargate Bus Stand,205
2016-05-24,Swargate Bus Stand,206
2016-05-25,Swargate Bus Stand,207
2016-05-26,Swargate Bus Stand,208
2016-05-27,Swargate Bus Stand,209
2016-05-28,Swargate Bus Stand,210
2016-05-29,Swargate Bus Stand,211
2016-05-30,Swargate Bus Stand,212
2016-05-31,Swargate Bus Stand,213
2016-06-01,Swargate Bus Stand,214
2016-06-02,Swargate Bus Stand,215
2016-06-03,Swargate Bus Stand,216
2016-06-04,Swargate Bus Stand,217
2016-06-05,Swargate Bus Stand,218
2016-06-06,Swargate Bus Stand,219
2016-06-07,Swargate Bus Stand,220
2016-06-08,Swargate Bus Stand,221
2016-06-09,Swargate Bus Stand,222
2016-06-10,Swargate Bus Stand,223
2016-06-11,Swargate Bus Stand,224
2016-06-12,Swargate Bus Stand,225
2016-06-13,Swargate Bus Stand,226
2016-06-14,Swargate Bus Stand,227
2016-06-15,Swargate Bus Stand,228
2016-06-16,Swargate Bus Stand,229
2016-06-17,Swargate Bus Stand,230
2016-06-18,Swargate Bus Stand,231
2016-06-19,Swargate Bus Stand,232
2016-06-20,Swargate Bus Stand,233
2016-06-21,Swargate Bus Stand,234
2016-06-22,Swargate Bus Stand,235
2016-06-23,Swargate Bus Stand,236
2016-06-24,Swargate Bus Stand,237
2016-06-25,Swargate Bus Stand,238
2016-06-26,Swargate Bus Stand,239
2016-06-27,Swargate Bus Stand,240
2016-06-28,Swargate Bus Stand,241
2016-06-29,Swargate Bus Stand,242
2016-06-30,Swargate Bus Stand,243
2016-07-01,Swargate Bus Stand,244
2016-07-02,Swargate Bus Stand,245
2016-07-03,Swargate Bus Stand,246
2016-07-04,Swargate Bus Stand,247
2016-07-05,Swargate Bus Stand,248
2016-07-06,Swargate Bus Stand,249
2016-07-07,Swargate Bus Stand,250
2016-07-08,Swargate Bus Stand,251
2016-07-09,Swargate Bus Stand,252
2016-07-10,Swargate Bus Stand,253
2016-07-11,Swargate Bus Stand,254
2016-07-12,Swargate Bus Stand,255
2016-07-13,Swargate Bus Stand,256
2016-07-14,Swargate Bus Stand,257
2016-07-15,Swargate Bus Stand,258
2016-07-16,Swargate Bus Stand,259
2016-07-17,Swargate Bus Stand,260
2016-07-18,Swargate Bus Stand,261
2016-07-19,Swargate Bus Stand,262
2016-07-20,Swargate Bus Stand,263
2016-07-21,Swargate Bus Stand,264
2016-07-22,Swargate Bus Stand,265
2016-07-23,Swargate Bus Stand,266
2016-07-24,Swargate Bus Stand,267
2016-07-25,Swargate Bus Stand,268
2016-07-26,Swargate Bus Stand,269
2016-07-27,Swargate Bus Stand,270
2016-07-28,Swargate Bus Stand,271
2016-07-29,Swargate Bus Stand,272
2016-07-30,Swargate Bus Stand,273
2016-07-31,Swargate Bus Stand,274
2016-08-01,Swargate Bus Stand,275
2016-08-02,Swargate Bus Stand,276
2016-08-03,Swargate Bus Stand,277
2016-08-04,Swargate Bus Stand,278
2016-08-05,Swargate Bus Stand,279
2016-08-06,Swargate Bus Stand,280
2016-08-07,Swargate Bus Stand,281
2016-08-08,Swargate Bus Stand,282
2016-08-09,Swargate Bus Stand,283
2016-08-10,Swargate Bus Stand,284
2016-08-11,Swargate Bus Stand,285
2016-08-12,Swargate Bus Stand,286
2016-08-13,Swargate Bus Stand,287
2016-08-14,Swargate Bus Stand,288
2016-08-15,Swargate Bus Stand,289
2016-08-16,Swargate Bus Stand,290
2016-08-17,Swargate Bus Stand,291
2016-08-18,Swargate Bus Stand,292
2016-08-19,Swargate Bus Stand,293
2016-08-20,Swargate Bus Stand,294
2016-08-21,Swargate Bus Stand,295
2016-08-22,Swargate Bus Stand,296
2016-08-23,Swargate Bus Stand,297
2016-08-24,Swargate Bus Stand,298
2016-08-25,Swargate Bus Stand,299
2016-08-26,Swargate Bus Stand,300
2016-08-27,Swargate Bus Stand,301
2016-08-28,Swargate Bus Stand,302
2016-08-29,Swargate Bus Stand,303
2016-08-30,Swargate Bus Stand,304
2016-08-31,Swargate Bus Stand,305
2016-09-01,Swargate Bus Stand,306
2016-09-02,Swargate Bus Stand,307
2016-09-03,Swargate Bus Stand,308
2016-09-04,Swargate Bus Stand,309
2016-09-05,Swargate Bus Stand,310
2016-09-06,Swargate Bus Stand,311
2016-09-07,Swargate Bus Stand,312
2016-09-08,Swargate Bus Stand,313
2016-09-09,Swargate Bus Stand,314
2016-09-10,Swargate Bus Stand,315
2016-09-11,Swargate Bus Stand,316
2016-09-12,Swargate Bus Stand,317
2016-09-13,Swargate Bus Stand,318
2016-09-14,Swargate Bus Stand,319
2016-09-15,Swargate Bus Stand,320
2016-09-16,Swargate Bus Stand,321
2016-09-17,Swargate Bus Stand,322
2016-09-18,Swargate Bus Stand,323
2016-09-19,Swargate Bus Stand,324
2016-09-20,Swargate Bus Stand,325
2016-09-21,Swargate Bus Stand,326
2016-09-22,Swargate Bus Stand,327
2016-09-23,Swargate Bus Stand,328
2016-09-24,Swargate Bus Stand,329
2016-09-25,Swargate Bus Stand,330
2016-09-26,Swargate Bus Stand,331
2016-09-27,Swargate Bus Stand,332
2016-09-28,Swargate Bus Stand,333
2016-09-29,Swargate Bus Stand,334
2016-09-30,Swargate Bus Stand,335
2016-10-01,Swargate Bus Stand,336
2016-10-02,Swargate Bus Stand,337
2016-10-03,Swargate Bus Stand,338
2016-10-04,Swargate Bus Stand,339
2016-10-05,Swargate Bus Stand,340
2016-10-06,Swargate Bus Stand,341
2016-10-07,Swargate Bus Stand,342
2016-10-08,Swargate Bus Stand,343
2016-10-09,Swargate Bus Stand,344
2016-10-10,Swargate Bus Stand,345
2016-10-11,Swargate Bus Stand,346
2016-10-12,Swargate Bus Stand,347
2016-10-13,Swargate Bus Stand,348
2016-10-14,Swargate Bus Stand,349
2016-10-15,Swargate Bus Stand,350
2016-10-16,Swargate Bus Stand,351
2016-10-17,Swargate Bus Stand,352
2016-10-18,Swargate Bus Stand,353
2016-10-19,Swargate Bus Stand,354
2016-10-20,Swargate Bus Stand,355
2016-10-21,Swargate Bus Stand,356
2016-10-22,Swargate Bus Stand,357
2016-10-23,Swargate Bus Stand,358
2016-10-24,Swargate Bus Stand,359
2016-10-25,Swargate Bus Stand,360
2016-10-26,Swargate Bus Stand,361
2016-10-27,Swargate Bus Stand,362
2016-10-28,Swargate Bus Stand,363
2016-10-29,Swargate Bus Stand,364
2016-10-30,Swargate Bus Stand,365
2016-10-31,Swargate Bus Stand,366
2016-11-01,Swargate Bus Stand,367
2016-11-02,Swargate Bus Stand,368
2016-11-03,Swargate Bus Stand,369
2016-11-04,Swargate Bus Stand,370
2016-11-05,Swargate Bus Stand,371
2016-11-06,Swargate Bus Stand,372
2016-11-07,Swargate Bus Stand,373
2016-11-08,Swargate Bus Stand,374
2016-11-09,Swargate Bus Stand,375
2016-11-10,Swargate Bus Stand,376
2016-11-11,Swargate Bus Stand,377
2016-11-12,Swargate Bus Stand,378
2016-11-13,Swargate Bus Stand,379
2016-11-14,Swargate Bus Stand,380
2016-11-15,Swargate Bus Stand,381
2016-11-16,Swargate Bus Stand,382
2016-11-17,Swargate Bus Stand,383
2016-11-18,Swargate Bus Stand,384
2016-11-19,Swargate Bus Stand,385
2016-11-20,Swargate Bus Stand,386
2016-11-21,Swargate Bus Stand,387
2016-11-22,Swargate Bus Stand,388
2016-11-23,Swargate Bus Stand,389
2016-11-24,Swargate Bus Stand,390
2016-11-25,Swargate Bus Stand,391
2016-11-26,Swargate Bus Stand,392
2016-11-27,Swargate Bus Stand,393
2016-11-28,Swargate Bus Stand,394
2016-11-29,Swargate Bus Stand,395
2016-11-30,Swargate Bus Stand,396
2016-12-01,Swargate Bus Stand,397
2016-12-02,Swargate Bus Stand,398
2016-12-03,Swargate Bus Stand,399
2016-12-04,Swargate Bus Stand,400
2016-12-05,Swargate Bus Stand,401
2016-12-06,Swargate Bus Stand,402
2016-12-07,Swargate Bus Stand,403
2016-12-08,Swargate Bus Stand,404
2016-12-09,Swargate Bus Stand,405
2016-12-10,Swargate Bus Stand,406
2016-12-11,Swargate Bus Stand,407
2016-12-12,Swargate Bus Stand,408
2016-12-13,Swargate Bus Stand,409
2016-12-14,Swargate Bus Stand,410
2016-12-15,Swargate Bus Stand,411
2016-12-16,Swargate Bus Stand,412
2016-12-17,Swargate Bus Stand,413
2016-12-18,Swargate Bus Stand,414
2016-12-19,Swargate Bus Stand,415
2016-12-20,Swargate Bus Stand,416
2016-12-21,Swargate Bus Stand,417
2016-12-22,Swargate Bus Stand,418
2016-12-23,Swargate Bus Stand,419
2016-12-24,Swargate Bus Stand,420
2016-12-25,Swargate Bus Stand,421
2016-12-26,Swargate Bus Stand,422
2016-12-27,Swargate Bus Stand,423
2016-12-28,Swargate Bus Stand,424
2016-12-29,Swargate Bus Stand,425
2016-12-30,Swargate Bus Stand,426
2016-12-31,Swargate Bus Stand,427
2017-01-01,Swargate Bus Stand,428
2017-01-02,Swargate Bus Stand,429
2017-01-03,Swargate Bus Stand,430
2017-01-04,Swargate Bus Stand,431
2017-01-05,Swargate Bus Stand,432
2017-01-06,Swargate Bus Stand,433
2017-01-07,Swargate Bus Stand,434
2017-01-08,Swargate Bus Stand,435
2017-01-09,Swargate Bus Stand,436
2017-01-10,Swargate Bus Stand,437
2017-01-11,Swargate Bus Stand,438
2017-01-12,Swargate Bus Stand,439
2017-01-13,Swargate Bus Stand,440
2017-01-14,Swargate Bus Stand,441
2017-01-15,Swargate Bus Stand,442
2017-01-16,Swargate Bus Stand,443
2017-01-17,Swargate Bus Stand,444
2017-01-18,Swargate Bus Stand,445
2017-01-19,Swargate Bus Stand,446
2017-01-20,Swargate Bus Stand,447
2017-01-21,Swargate Bus Stand,448
2017-01-22,Swargate Bus Stand,449
2017-01-23,Swargate Bus Stand,450
2017-01-24,Swargate Bus Stand,451
2017-01-25,Swargate Bus Stand,452
2017-01-26,Swargate Bus Stand,453
2017-01-27,Swargate Bus Stand,454
2017-01-28,Swargate Bus Stand,455
2017-01-29,Swargate Bus Stand,456
2017-01-30,Swargate Bus Stand,457
2017-01-31,Swargate Bus Stand,458
2017-02-01,Swargate Bus Stand,459
2017-02-02,Swargate Bus Stand,460
2017-02-03,Swargate Bus Stand,461
2017-02-04,Swargate Bus Stand,462
2017-02-05,Swargate Bus Stand,463
2017-02-06,Swargate Bus Stand,464
2017-02-07,Swargate Bus Stand,465
2017-02-08,Swargate Bus Stand,466
2017-02-09,Swargate Bus Stand,467
2017-02-10,Swargate Bus Stand,468
2017-02-11,Swargate Bus Stand,469
2017-02-12,Swargate Bus Stand,470
2017-02-13,Swargate Bus Stand,471
2017-02-14,Swargate Bus Stand,472
2017-02-15,Swargate Bus Stand,473
2017-02-16,Swargate Bus Stand,474
2017-02-17,Swargate Bus Stand,475
2017-02-18,Swargate Bus Stand,476
2017-02-19,Swargate Bus Stand,477
2017-02-20,Swargate Bus Stand,478
2017-02-21,Swargate Bus Stand,479
2017-02-22,Swargate Bus Stand,480
2017-02-23,Swargate Bus Stand,481
2017-02-24,Swargate Bus Stand,482
2017-02-25,Swargate Bus Stand,483
2017-02-26,Swargate Bus Stand,484
2017-02-27,Swargate Bus Stand,485
2017-02-28,Swargate Bus Stand,486
2017-03-01,Swargate Bus Stand,487
2017-03-02,Swargate Bus Stand,488
2017-03-03,Swargate Bus Stand,489
2017-03-04,Swargate Bus Stand,490
2017-03-05,Swargate Bus Stand,491
2017-03-06,Swargate Bus Stand,492
2017-03-07,Swargate Bus Stand,493
2017-03-08,Swargate Bus Stand,494
2017-03-09,Swargate Bus Stand,495
2017-03-10,Swargate Bus Stand,496
2017-03-11,Swargate Bus Stand,497
2017-03-12,Swargate Bus Stand,498
2017-03-13,Swargate Bus Stand,499
2017-03-14,Swargate Bus Stand,500
2017-03-15,Swargate Bus Stand,501
2017-03-16,Swargate Bus Stand,502
2017-03-17,Swargate Bus Stand,503
2017-03-18,Swargate Bus Stand,504
2017-03-19,Swargate Bus Stand,505
2017-03-20,Swargate Bus Stand,506
2017-03-21,Swargate Bus Stand,507
2017-03-22,Swargate Bus Stand,508
2017-03-23,Swargate Bus Stand,509
2017-03-24,Swargate Bus Stand,510
2017-03-25,Swargate Bus Stand,511
2017-03-26,Swargate Bus Stand,512
2017-03-27,Swargate Bus Stand,513
2017-03-28,Swargate Bus Stand,514
2017-03-29,Swargate Bus Stand,515
2017-03-30,Swargate Bus Stand,516
2017-03-31,Swargate Bus Stand,517
2017-04-01,Swargate Bus Stand,518
2017-04-02,Swargate Bus Stand,519
2017-04-03,Swargate Bus Stand,520
2017-04-04,Swargate Bus Stand,521
2017-04-05,Swargate Bus Stand,522
2017-04-06,Swargate Bus Stand,523
2017-04-07,Swargate Bus Stand,524
2017-04-08,Swargate Bus Stand,525
2017-04-09,Swargate Bus Stand,526
2017-04-10,Swargate Bus Stand,527
2017-04-11,Swargate Bus Stand,528
2017-04-12,Swargate Bus Stand,529
2017-04-13,Swargate Bus Stand,530
2017-04-14,Swargate Bus Stand,531
2017-04-15,Swargate Bus Stand,532
2017-04-16,Swargate Bus Stand,533
2017-04-17,Swargate Bus Stand,534
2017-04-18,Swargate Bus Stand,535
2017-04-19,Swargate Bus Stand,536
2017-04-20,Swargate Bus Stand,537
2017-04-21,Swargate Bus Stand,538
2017-04-22,Swargate Bus Stand,539
2017-04-23,Swargate Bus Stand,540
2017-04-24,Swargate Bus Stand,541
2017-04-25,Swargate Bus Stand,542
2017-04-26,Swargate Bus Stand,543
2017-04-27,Swargate Bus Stand,544
2017-04-28,Swargate Bus Stand,545
2017-04-29,Swargate Bus Stand,546
2017-04-30,Swargate Bus Stand,547
2017-05-01,Swargate Bus Stand,548
2017-05-02,Swargate Bus Stand,549
2017-05-03,Swargate Bus Stand,550
2017-05-04,Swargate Bus Stand,551
2017-05-05,Swargate Bus Stand,552
2017-05-06,Swargate Bus Stand,553
2017-05-07,Swargate Bus Stand,554
2017-05-08,Swargate Bus Stand,555
2017-05-09,Swargate Bus Stand,556
2017-05-10,Swargate Bus Stand,557
2017-05-11,Swargate Bus Stand,558
2017-05-12,Swargate Bus Stand,559
2017-05-13,Swargate Bus Stand,560
2017-05-14,Swargate Bus Stand,561
2017-05-15,Swargate Bus Stand,562
2017-05-16,Swargate Bus Stand,563
2017-05-17,Swargate Bus Stand,564
2017-05-18,Swargate Bus Stand,565
2017-05-19,Swargate Bus Stand,566
2017-05-20,Swargate Bus Stand,567
2017-05-21,Swargate Bus Stand,568
2017-05-22,Swargate Bus Stand,569
2017-05-23,Swargate Bus Stand,570
2017-05-24,Swargate Bus Stand,571
2017-05-25,Swargate Bus Stand,572
2017-05-26,Swargate Bus Stand,573
2017-05-27,Swargate Bus Stand,574
2017-05-28,Swargate Bus Stand,575
2017-05-29,Swargate Bus Stand,576
2017-05-30,Swargate Bus Stand,577
2017-05-31,Swargate Bus Stand,578
2017-06-01,Swargate Bus Stand,579
2017-06-02,Swargate Bus Stand,580
2017-06-03,Swargate Bus Stand,581
2017-06-04,Swargate Bus Stand,582
2017-06-05,Swargate Bus Stand,583
2017-06-06,Swargate Bus Stand,584
2017-06-07,Swargate Bus Stand,585
2017-06-08,Swargate Bus Stand,586
2017-06-09,Swargate Bus Stand,587
2017-06-10,Swargate Bus Stand,588
2017-06-11,Swargate Bus Stand,589
2017-06-12,Swargate Bus Stand,590
2017-06-13,Swargate Bus Stand,591
2017-06-14,Swargate Bus Stand,592
2017-06-15,Swargate Bus Stand,593
2017-06-16,Swargate Bus Stand,594
2017-06-17,Swargate Bus Stand,595
2017-06-18,Swargate Bus Stand,596
2017-06-19,Swargate Bus Stand,597
2017-06-20,Swargate Bus Stand,598
2017-06-21,Swargate Bus Stand,599
2017-06-22,Swargate Bus Stand,600
2017-06-23,Swargate Bus Stand,601
2017-06-24,Swargate Bus Stand,602
2017-06-25,Swargate Bus Stand,603
2017-06-26,Swargate Bus Stand,604
2017-06-27,Swargate Bus Stand,605
2017-06-28,Swargate Bus Stand,606
2017-06-29,Swargate Bus Stand,607
2015-11-01,Vidya Nagar,1
2015-11-02,Vidya Nagar,5
2015-11-03,Vidya Nagar,5
2015-11-04,Vidya Nagar,6
2015-11-05,Vidya Nagar,12
2015-11-06,Vidya Nagar,6
2015-11-07,Vidya Nagar,4
2015-11-08,Vidya Nagar,8
2015-11-09,Vidya Nagar,6
2015-11-10,Vidya Nagar,8
2015-11-11,Vidya Nagar,9
2015-11-12,Vidya Nagar,6
2015-11-13,Vidya Nagar,5
2015-11-14,Vidya Nagar,7
2015-11-15,Vidya Nagar,3
2015-11-16,Vidya Nagar,7
2015-11-17,Vidya Nagar,7
2015-11-18,Vidya Nagar,7
2015-11-19,Vidya Nagar,5
2015-11-20,Vidya Nagar,3
2015-11-21,Vidya Nagar,8
2015-11-22,Vidya Nagar,5
2015-11-23,Vidya Nagar,5
2015-11-24,Vidya Nagar,5
2015-11-25,Vidya Nagar,9
2015-11-26,Vidya Nagar,3
2015-11-27,Vidya Nagar,5
2015-11-28,Vidya Nagar,5
2015-11-29,Vidya Nagar,4
2015-11-30,Vidya Nagar,6
2015-12-01,Vidya Nagar,4
2015-12-02,Vidya Nagar,3
2015-12-03,Vidya Nagar,7
2015-12-04,Vidya Nagar,6
2015-12-05,Vidya Nagar,6
2015-12-06,Vidya Nagar,7
2015-12-07,Vidya Nagar,8
2015-12-08,Vidya Nagar,10
2015-12-09,Vidya Nagar,8
2015-12-10,Vidya Nagar,6
2015-12-11,Vidya Nagar,10
2015-12-12,Vidya Nagar,7
2015-12-13,Vidya Nagar,7
2015-12-14,Vidya Nagar,5
2015-12-15,Vidya Nagar,5
2015-12-16,Vidya Nagar,4
2015-12-17,Vidya Nagar,9
2015-12-18,Vidya Nagar,7
2015-12-19,Vidya Nagar,7
2015-12-20,Vidya Nagar,6
2015-12-21,Vidya Nagar,5
2015-12-22,Vidya Nagar,9
2015-12-23,Vidya Nagar,7
2015-12-24,Vidya Nagar,7
2015-12-25,Vidya Nagar,8
2015-12-26,Vidya Nagar,9
2015-12-27,Vidya Nagar,8
2015-12-28,Vidya Nagar,3
2015-12-29,Vidya Nagar,6
2015-12-30,Vidya Nagar,5
2015-12-31,Vidya Nagar,7
2016-01-01,Vidya Nagar,6
2016-01-02,Vidya Nagar,6
2016-01-03,Vidya Nagar,11
2016-01-04,Vidya Nagar,6
2016-01-05,Vidya Nagar,6
2016-01-06,Vidya Nagar,8
2016-01-07,Vidya Nagar,5
2016-01-08,Vidya Nagar,4
2016-01-09,Vidya Nagar,6
2016-01-10,Vidya Nagar,8
2016-01-11,Vidya Nagar,7
2016-01-12,Vidya Nagar,3
2016-01-13,Vidya Nagar,6
2016-01-14,Vidya Nagar,5
2016-01-15,Vidya Nagar,5
2016-01-16,Vidya Nagar,5
2016-01-17,Vidya Nagar,6
2016-01-18,Vidya Nagar,7
2016-01-19,Vidya Nagar,7
2016-01-20,Vidya Nagar,3
2016-01-21,Vidya Nagar,5
2016-01-22,Vidya Nagar,6
2016-01-23,Vidya Nagar,4
2016-01-24,Vidya Nagar,4
2016-01-25,Vidya Nagar,3
2016-01-26,Vidya Nagar,5
2016-01-27,Vidya Nagar,4
2016-01-28,Vidya Nagar,7
2016-01-29,Vidya Nagar,2
2016-01-30,Vidya Nagar,5
2016-01-31,Vidya Nagar,6
2016-02-01,Vidya Nagar,5
2016-02-02,Vidya Nagar,4
2016-02-03,Vidya Nagar,6
2016-02-04,Vidya Nagar,7
2016-02-05,Vidya Nagar,8
2016-02-06,Vidya Nagar,4
2016-02-07,Vidya Nagar,5
2016-02-08,Vidya Nagar,4
2016-02-09,Vidya Nagar,6
2016-02-10,Vidya Nagar,4
2016-02-11,Vidya Nagar,5
2016-02-12,Vidya Nagar,4
2016-02-13,Vidya Nagar,3
2016-02-14,Vidya Nagar,2
2016-02-15,Vidya Nagar,6
2016-02-16,Vidya Nagar,6
2016-02-17,Vidya Nagar,4
2016-02-18,Vidya Nagar,8
2016-02-19,Vidya Nagar,2
2016-02-20,Vidya Nagar,7
2016-02-21,Vidya Nagar,3
2016-02-22,Vidya Nagar,3
2016-02-23,Vidya Nagar,4
2016-02-24,Vidya Nagar,4
2016-02-25,Vidya Nagar,7
2016-02-26,Vidya Nagar,7
2016-02-27,Vidya Nagar,7
2016-02-28,Vidya Nagar,6
2016-02-29,Vidya Nagar,5
2016-03-01,Vidya Nagar,4
2016-03-02,Vidya Nagar,7
2016-03-03,Vidya Nagar,3
2016-03-04,Vidya Nagar,6
2016-03-05,Vidya Nagar,5
2016-03-06,Vidya Nagar,7
2016-03-07,Vidya Nagar,7
2016-03-08,Vidya Nagar,6
2016-03-09,Vidya Nagar,5
2016-03-10,Vidya Nagar,6
2016-03-11,Vidya Nagar,7
2016-03-12,Vidya Nagar,3
2016-03-13,Vidya Nagar,3
2016-03-14,Vidya Nagar,5
2016-03-15,Vidya Nagar,3
2016-03-16,Vidya Nagar,2
2016-03-17,Vidya Nagar,5
2016-03-18,Vidya Nagar,3
2016-03-19,Vidya Nagar,4
2016-03-20,Vidya Nagar,8
2016-03-21,Vidya Nagar,6
2016-03-22,Vidya Nagar,4
2016-03-23,Vidya Nagar,3
2016-03-24,Vidya Nagar,3
2016-03-25,Vidya Nagar,5
2016-03-26,Vidya Nagar,4
2016-03-27,Vidya Nagar,4
2016-03-28,Vidya Nagar,4
2016-03-29,Vidya Nagar,5
2016-03-30,Vidya Nagar,5
2016-03-31,Vidya Nagar,8
2016-04-01,Vidya Nagar,5
2016-04-02,Vidya Nagar,9
2016-04-03,Vidya Nagar,6
2016-04-04,Vidya Nagar,4
2016-04-05,Vidya Nagar,9
2016-04-06,Vidya Nagar,7
2016-04-07,Vidya Nagar,8
2016-04-08,Vidya Nagar,6
2016-04-09,Vidya Nagar,8
2016-04-10,Vidya Nagar,5
2016-04-11,Vidya Nagar,5
2016-04-12,Vidya Nagar,9
2016-04-13,Vidya Nagar,6
2016-04-14,Vidya Nagar,4
2016-04-15,Vidya Nagar,2
2016-04-16,Vidya Nagar,6
2016-04-17,Vidya Nagar,8
2016-04-18,Vidya Nagar,3
2016-04-19,Vidya Nagar,4
2016-04-20,Vidya Nagar,6
2016-04-21,Vidya Nagar,8
2016-04-22,Vidya Nagar,2
2016-04-23,Vidya Nagar,5
2016-04-24,Vidya Nagar,5
2016-04-25,Vidya Nagar,6
2016-04-26,Vidya Nagar,5
2016-04-27,Vidya Nagar,9
2016-04-28,Vidya Nagar,11
